Transcript,Summary,Sentiment
"Agent: Thank you for calling BrightNet Internet Support,this is Sarah. How can I help you today?
Customer: Hi Sarah, my internet has been running really slow since yesterday.
Agent: I'm sorry to hear that. Could I have your account number, please, so I can check your connection?
Customer: Sure, it's 452739.
Agent: Thank you. I see there's some maintenance work in your area that might be affecting speeds. It should be resolved within the next 12 hours.
Customer: Oh, okay. So nothing wrong with my router?
Agent: Correct, your equipment looks fine from our side. But if the issue continues after tomorrow morning, please restart your router and call us back.
Customer: Got it. Thanks for the update.
Agent: You're welcome! Is there anything else I can help you with today?
Customer: No, that's all.
Agent: Great. Thanks for calling BrightNet, and have a nice day!","The customer called about slow internet speeds, and the agent informed them that maintenance work in their area was likely the cause, with the issue expected to be resolved within 12 hours.",Neutral
"Agent: Good morning, is this Mr. Sharma? 
Customer: Yes, who is this? 
Agent: Hi, Mr. Sharma. This is Priya from Tech Solutions. We spoke last week about your interest in our new productivity software, TaskMaster. How are you doing today? 
Customer: I'm okay. I've been busy, haven't had a chance to look into it yet. 
Agent: I understand completely, life gets hectic. We're actually just launching a new integration with your existing calendar system, which could save you even more time. Would you be open to a quick 5-minute overview later this week? 
Customer: I'm not sure I have the budget right now. 
Agent: I can understand why budget is a concern. Many of our clients initially felt the same way, but found that the time savings with TaskMaster actually lead to a significant increase in revenue. Can I share a quick case study that shows how a similar business saw a 20% increase in efficiency after implementing TaskMaster? 
Customer: Maybe. Send me the information, and I'll take a look. 
Agent: Absolutely. I'll email that to you right now. To ensure you receive it, can I quickly confirm your email address is the one on file, user@example.com? 
Customer: Yes, that's correct. 
Agent: Great. I'll follow up next week to see if you have any questions after reviewing the case study. Thank you for your time, Mr. Sharma. Have a productive day! Customer: Thanks, goodbye.
Agent: Goodbye! ","The agent from Tech Solutions followed up with Mr. Sharma regarding his interest in the productivity software TaskMaster, offering to share a case study to demonstrate its potential benefits and proposing a quick overview, despite Mr. Sharma's initial hesitation due to budget concerns.",Neutral
